{
    "beta_s": 0.36328215,
    "beta_a": 0.25152105,
    "epsilon": 0.85,
    "delta_e": 0.19607843,
    "delta_v": 180.0,
    "delta_r": 0.00555556,
    "p": 0.1213,
    "alpha_a": 0.16750419,
    "theta": 0.11,
    "alpha_s": 0.09250694,
    "mu": 3.65296803652968e-05,
    "mu_s": 0.0196078431372549,
    "mu_t": 0.02,
    "lambda_v": 0.00061135,
    "lambda_t": 0.00047895,
    "a_E": 3.0727425,
    "a_D": 42.0,
    "a_V": 1.0,
    "c_V": 10.0,
    "c_T": 0.0,
    "h_max": 10500.0,
    "d_final": 0.01,
    "coverage": 0.2,
    "hospitalization_rate": 0.05,
    "d_max": 5.19280360505197e-05,
    "n_pop": 26446435.0,
    "T": 340.552329156729,
    "S_0": 0.35648926,
    "E_0": 0.00067033,
    "I_S_0": 9.283e-05,
    "I_A_0": 0.00120986,
    "R_0": 0.53253032,
    "D_0": 0.1090074,
    "V_0": 0.0,
    "X_0": 0.0,
    "X_f": 0.2,
    "xZero_0": 0.0,
    "Y_inc_0": 0.12258164
}