{
    "beta_s": 0.36328215,
    "beta_a": 0.25152105,
    "epsilon": 0.5,
    "var_epsilon": 0.2,
    "kappa": 0.19607843,
    "delta_l": 0.04,
    "delta_h": 0.2,
    "delta_v": 365.0,
    "delta_r": 0.005555556,
    "p": 0.1213,
    "theta": 0.2,
    "gamma_a": 0.16750419,
    "gamma_s": 0.09250694,
    "gamma_h": 5.079869e-01,
    "mu": 3.913894e-05,
    "mu_i_s": 2.602712e-01,
    "mu_h":  0.01632,
    "lambda_v": 0.00123969,
    "lambda_t": 0.00047895,
    "a_E": 0.008418473,
    "a_D": 7.25,
    "a_V": 1.0,
    "c_V": 1.0,
    "c_T": 0.0,
    "h_max": 9500.0,
    "d_final": 0.01,
    "coverage": 0.2,
    "hospitalization_rate": 0.05,
    "d_max": 5.19280360505197e-05,
    "n_pop": 26446435.0,
    "T": 180,
    "L_0": 0.26626009702112796,
    "S_0": 0.463606046009872,
    "E_0": 0.00067033,
    "I_S_0": 9.283e-05,
    "I_A_0": 0.00120986,
    "H_0": 1.34157969e-04,
    "R_0": 2.66125939e-01,
    "D_0": 0.00190074,
    "V_0": 0.0,
    "X_0": 0.0,
    "X_f": 0.2,
    "Y_inc_0": 0.12258164
}