{
    "beta_s": 2.6695711,
    "beta_a": 1.98927728,
    "epsilon": 1e-1,
    "delta_u": 5e-5,
    "delta_e": 0.125,
    "delta_s": 0.05,
    "p": 0.701194082,
    "alpha_a": 0.16750418760469013,
    "alpha_h": 0.05,
    "alpha_s": 2.99518149,
    "mu_s": 0.11,
    "mu_h": 0.1,
    "n_whole": 905263.0,
    "T": 365,
    "l_0": 0.6999984534881023,
    "s_0": 0.2999993372091867,
    "e_0": 0.0,
    "i_s_0": 2.20930271e-06,
    "i_a_0": 2.20930271e-06,
    "h_0": 0.0,
    "r_0": 0.0,
    "d_0": 0.0
}
