{
    "beta_s": 2.6695711,
    "beta_a": 1.98927728,
    "delta_e": 0.125,
    "p": 0.701194082,
    "alpha_a": 0.16750418760469013,
    "alpha_s": 2.99518149,
    "mu_s": 0.11,
    "n_whole": 905263.0,
    "T": 180,
    "s_0": 9.99995581e-01,
    "e_0": 0.0,
    "i_s_0": 2.20930271e-06,
    "i_a_0": 2.20930271e-06,
    "r_0": 0.0,
    "d_0": 0.0
}
