{
    "beta_s": 2.6695711,
    "beta_a": 1.98927728,
    "epsilon": 0.00125,
    "delta_e": 0.125,
    "delta_v": 0.05,
    "p": 0.72,
    "q": 0.5,
    "alpha_a": 0.16750418760469013,
    "alpha_t": 0.05,
    "alpha_s": 2.99518149e-01,
    "mu":  3.913894324853229e-05,
    "mu_s": 0.11,
    "mu_a": 0.0001,
    "lambda_v": 0.00258,
    "lambda_t": 0.00047895,
    "n_whole": 905263.0,
    "T": 100,
    "s_0":  0.9999889534864453,
    "e_0": 0.0,
    "i_s_0": 1.1046513554624457e-05,
    "i_a_0": 1.1046513554624457e-05,
    "r_0": 0.0,
    "d_0": 0.0,
    "v_0": 0.0,
    "treat_0": 0.0
}
