{
  "k_i": [0.1, 0.1, 0.1],
  "gamma_a_i": [0.14285714285714285, 0.14285714285714285, 0.14285714285714285],
  "gamma_i": [0.14285714285714285, 0.14285714285714285, 0.14285714285714285],
  "r_not_i": [3.4, 3.4, 3.4],
  "a_0_i": [2.709798406000937, 2.287382584412287, 2.4205030849549125],
  "theta_i": [0.5, 0.5, 0.5],
  "chi_i": [0.1, 0.1, 0.1],
  "epsilon_i": [1.0, 1.0, 1.0],
  "p_i": [0.7, 0.7, 0.7],
  "q_i": [0.052, 0.052, 0.052],
  "phi_i": [0.0625, 0.07500000000000001, 0.08750000000000001],
  "delta_i":[0.0002, 0.0004, 0.0006],
  "eta_i" : [0.275, 0.35, 0.425],
  "T_i" :[0.0, 75.0, 150.0, 200.0],
  "s_2_i" : [0.8, 0.8, 0.8],
  "s_3_i" : [0.8, 0.8, 0.8],
  "s_b" : [0.8, 0.8, 0.8],
  "s_r" : [0.2, 0.2, 0.2]
}
