{
  "k_1" : 0.14285714285714285,
  "k_2" : 0.125,
  "k_3" : 0.1111111111111111,
  "gamma_a_1" : 0.16666666666666666,
  "gamma_a_2" : 0.14285714285714285,
  "gamma_a_3" : 0.1111111111111111,
  "gamma_1" : 1.7,
  "gamma_2" : 2.65,
  "gamma_3" : 3.6,
  "theta_1" : 0.3,
  "theta_2" : 0.45,
  "theta_3" : 0.6,
  "chi_1" : 0.05,
  "chi_2" : 0.1,
  "chi_3" : 0.2,
  "epsilon_1" : 0.6,
  "epsilon_2" : 0.7,
  "epsilon_3" : 0.8,
  "p_1" : 0.45,
  "p_2" : 0.6,
  "p_3" : 0.78,
  "q_1" : 0.00848,
  "q_2" : 0.01632,
  "q_3" : 0.02416,
  "phi_1" : 0.0625,
  "phi_2" : 0.07500000000000001,
  "phi_3" : 0.08750000000000001,
  "delta_1" : 0.0002,
  "delta_2" : 0.0004,
  "delta_3" : 0.0006,
  "eta_1" : 0.275,
  "eta_2" : 0.35,
  "eta_3" : 0.425,
  "s_b" : 0.8,
  "s_r" : 0.2
}
