{
  "k_i": [0.14285714285714285, 0.125,0.1111111111111111],
  "gamma_a_i": [0.16666666666666666, 0.14285714285714285, 0.1111111111111111],
  "gamma_i": [1.7, 2.65,3.6],
  "r_not_i": [3.4, 3.4, 3.4],
  "theta_i": [0.3, 0.45, 0.6],
  "chi_i": [0.05, 0.1, 0.2],
  "epsilon_i": [0.6, 0.7, 0.8],
  "c_ij": [
    [1.0, 0, 0],
    [0, 1.0, 0],
    [0, 0, 1.0]
],
  "p_i": [0.45, 0.6, 0.78],
  "q_i": [0.00848, 0.01632, 0.02416],
  "phi_i": [0.0625, 0.07500000000000001, 0.08750000000000001],
  "delta_i":[0.0002, 0.0004, 0.0006],
  "eta_i" : [0.275, 0.35, 0.425],
  "T_i" :[75.0, 150.0, 200.0],
  "s_b" : 0.8,
  "s_r" : 0.2
}
