{
    "beta_s": 0.36328215,
    "beta_a": 0.25152105,
    "epsilon": 0.95,
    "epsilon_tilde": 0.1,
    "delta_e": 0.19607843,
    "delta_e_hat": 0.19607843,
    "delta_e_tilde": 0.19607843,
    "delta_l": 0.04,
    "delta_h": 0.2,
    "delta_v": 0.0027397260273972603,
    "delta_r": 0.005555556,
    "delta_r_a": 0.005555556,
    "delta_r_s": 0.005555556,
    "p": 0.1213,
    "theta": 0.2,
    "alpha_a": 0.16750419,
    "alpha_s": 0.09250694,
    "alpha_h": 5.079869e-01,
    "alpha_a_hat":0.16750419,
    "alpha_a_tilde":0.16750419,
    "mu": 3.913894e-05,
    "mu_i_s": 0.0,
    "mu_h": 0.01632,
    "lambda_v_1_a": 0.0006113521953813965,
    "lambda_v_2_a": 0.0006113521953813965,
    "lambda_t": 0.00047895,
    "a_E": 0.008418473,
    "a_D": 7.25,
    "a_V": 1.0,
    "c_V": 1.0,
    "c_T": 0.0,
    "h_max": 9500.0,
    "d_final": 0.01,
    "coverage": 0.2,
    "hospitalization_rate": 0.05,
    "d_max": 5.19280360505197e-05,
    "n_pop": 26446435.0,
    "T": 365,
    "S_0": 0.7299,
    "E_0": 0.00067033,
    "I_S_0": 9.283e-05,
    "I_A_0": 0.00120986,
    "H_0": 1.34157969e-04,
    "R_S_0": 0.0532,
    "R_A_0": 0.2129,
    "D_0": 0.00190074,
    "X_S_0": 0.0,
    "X_E_0": 0.0,
    "X_I_A_0": 0.0,
    "X_R_A": 0.0,
    "Y_S_0": 0.0,
    "Y_E_0": 0.0,
    "Y_I_A_0": 0.0,
    "Y_R_A": 0.0,
    "X_VAC_1_A_0": 0.0,
    "X_VAC_2_A_0": 0.0,
    "X_VAC_1_A_f": 0.2,
    "X_VAC_1_A_f": 0.2,
    "Y_inc_0": 0.12258164
}
