{
    "beta_s": 0.36328215,
    "beta_a": 0.25152105,
    "epsilon": 0.60,
    "epsilon_tilde": 0.95,
    "delta_e": 0.19607843,
    "delta_e_hat": 0.19607843,
    "delta_e_tilde": 0.19607843,
    "delta_h": 0.25,
    "delta_v": 0.0027397260273972603,
    "delta_r": 0.005555556,
    "delta_r_a": 0.005555556,
    "delta_r_s": 0.005555556,
    "p": 0.1213,
    "alpha_a": 0.16750419,
    "alpha_s": 0.09250694,
    "alpha_h": 5.079869e-01,
    "alpha_a_hat":0.16750419,
    "alpha_a_tilde":0.16750419,
    "mu": 3.913894e-05,
    "mu_i_s": 0.0,
    "mu_h": 0.01632,
    "vaccine_types":2,
    "lambda_v_1_a": 0.0038,
    "lambda_v_2_a": 0.05,
    "h_max": 9500.0,
    "d_final": 0.01,
    "coverage": 0.2,
    "hospitalization_rate": 0.05,
    "d_max": 5.19280360505197e-05,
    "n_pop": 26446435.0,
    "T": 365,
    "S_0": 0.887451846,
    "E_0": 0.00606162,
    "I_S_0": 0.001188553,
    "I_A_0": 0.008609905,
    "H_0": 0.00018736,
    "R_0":  0.0954,
    "R_S_0": 0.011574263,
    "R_A_0": 0.083844228,
    "D_0": 0.001082225,
    "X_S_0": 0.0,
    "X_E_0": 0.0,
    "X_I_A_0": 0.0,
    "X_R": 0.0,
    "X_R_A": 0.0,
    "Y_S_0": 0.0,
    "Y_E_0": 0.0,
    "Y_I_A_0": 0.0,
    "Y_R": 0.0,
    "Y_R_A": 0.0,
    "X_VAC_1_A_0": 0.0,
    "X_VAC_2_A_0": 0.0,
    "X_VAC_1_A_f": 0.2,
    "X_VAC_1_A_f": 0.2,
    "Y_inc_0": 0.12258164
}
