{
    "beta_s": 0.32800536,
    "beta_a": 0.23813986,
    "epsilon": 0.7,
    "delta_e": 0.196078431,
    "delta_v": 182.5,
    "delta_r": 0.005479452,
    "p": 0.1703,
    "alpha_a": 0.167504188,
    "theta": 0.11,
    "alpha_s": 0.092506938,
    "mu": 3.65296803652968e-05,
    "mu_s": 0.0196078431372549,
    "mu_t": 0.02,
    "lambda_v": 0.001899033371397,
    "lambda_t": 0.00047895,
    "a_S": 1.0,
    "a_D": 2.0,
    "a_V": 1.0,
    "c_V": 1.0,
    "c_T": 0.0,
    "h_max": 10500.0,
    "d_final": 0.01,
    "coverage": 0.5,
    "hospitalization_rate": 0.0625,
    "d_max": 5.19280360505197e-05,
    "n_pop": 26446435.0,
    "T": 300.001185777488,
    "S_0": 0.5694426,
    "E_0": 0.0005955925,
    "I_S_0": 0.0002113383,
    "I_A_0": 0.0005705017,
    "R_0": 0.4136306,
    "D_0": 0.015549068,
    "V_0": 0.0,
    "X_0": 0.0,
    "X_f": 0.5,
    "xZero_0": 0.0
}