{
    "beta_s": 4.74745701,
    "beta_a": 0.393805063,
    "epsilon": 0.15,
    "delta_e": 0.196078431,
    "delta_v": 0.002739726,
    "delta_r": 0.002739726,
    "p": 0.0103982632,
    "alpha_a": 0.168067227,
    "theta": 0.89,
    "alpha_s": 0.092506938,
    "mu": 3.65296803652968e-05,
    "mu_s": 0.0196078431372549,
    "mu_t": 0.02,
    "lambda_v": 0.002,
    "lambda_t": 0.00047895,
    "a_S": 1.0,
    "a_D": 2.0,
    "a_V": 1.0,
    "c_V": 1.0,
    "c_T": 0.0,
    "h_max": 0.0001,
    "d_final": 0.01,
    "coverage": 0.7,
    "hospitalization_rate": 0.016,
    "d_max": 5.19280360505197e-05,
    "n_pop": 905263.0,
    "T": 365.000001876857,
    "S_0": 0.500863641688931,
    "E_0": 0.00388907568393,
    "I_S_0": 6.3459970287e-05,
    "I_A_0": 0.003754992567802,
    "R_0": 0.49026702675047,
    "D_0": 0.00116180333858,
    "V_0": 0.0,
    "X_0": 0.0,
    "X_f": 0.7,
    "xZero_0": 0.0
}